	i1_t01	i1_t02	i1_t03	i1_t04	i1_t05	i1_t06	i1_t07	i1_t08	i1_t09	i1_t10	i1_t11	i1_t12	i1_t13	i1_t14	i1_t15	i1_t16	i2_t01	i2_t02	i2_t03	i2_t04	i2_t05	i2_t06	i2_t07	i2_t08	i2_t09	i2_t10	i2_t11	i2_t12	i2_t13	i2_t14	i2_t15	i2_t16
snp_001	-1.2990474475092	0.00462931928196172	-0.873476309091245	-0.178974442432582	0.350072011884834	-0.701603289199405	0.578110576444126	-1.98375778278299	1.12385179563384	-1.06890318518992	0.664648875845027	-0.504652468156575	-0.0610835542234036	-1.06331844949757	-2.00160309743883	-1.34715439084897	-0.442871310903165	0.969053269898166	-0.497871976461031	-0.669436807818164	-0.623578067666271	-0.480118366819781	-1.27565512943619	0.264015624176847	-1.54063402209882	-0.482438590410007	0.4460526794949	-0.679273081985922	-0.549573919824931	-0.44741217936598	1.09275551703613	1.11539053262996
snp_002	-1.87684461511351	0.216138289906772	-0.293535256859363	0.879502746867735	0.767303531196567	0.276024410953126	0.796478261547752	1.84685658902148	-0.357920402394358	0.415592226784531	-0.207142676058008	0.374120935319911	-0.778258622828679	0.979699769019391	-0.331956238952044	0.867111363912334	0.832109948699587	-0.658625934133759	-0.532442562308364	0.553895104048803	-1.0244731059985	0.236302416071671	-1.3294986175457	0.721089830156045	0.0740958552628525	0.886655279196268	-1.15029575321264	0.672392739963205	-1.66465605400745	-0.844929425358418	-2.18284017628241	0.493371591101349
snp_003	-0.238652109375405	-2.15924840829049	0.192695048766444	0.378713760197406	-0.184516266175967	0.784873934764152	1.19580683283504	0.964319673690933	0.615079645974258	0.429609239786069	0.099511691113972	1.67189461012799	-0.101962442019563	0.771636430529048	1.14304271646501	-0.837992596792605	-0.868917938571878	1.3553459395647	-0.452293948552873	-0.831921987491721	1.13327363975921	0.0791234892377926	-1.13696012786276	-1.18302898813566	0.512211016682053	-1.16891516917599	0.642708330170592	-0.532052589301876	-0.0716043973683449	-0.197260738517051	-0.689297480264948	-0.644735235855078
snp_004	-1.34403275898856	0.80031524928478	-0.555146488611719	-1.06166809772563	-0.297276444067296	0.448786868318096	0.324558058252809	-1.22613463949663	-0.191068377977699	-0.550225035092627	-0.212491863348056	1.15003997565658	-0.818112274405789	-1.34362869095136	-0.920380156789167	-0.187866336307072	1.09404498788672	-1.58436558927144	-1.06422188189942	-0.196804071198297	-0.839539980734648	-0.0551272225370709	-1.27900277987997	-1.7372313796706	-0.552737195748222	-2.23298866596246	0.204735587064	-0.954327597438146	0.755456399776144	0.549175006401998	-0.889200341822073	1.98603570384821
snp_005	-1.23617901477465	-0.297824741915238	-0.378998247563682	0.864064169348797	0.314424466784467	2.23568888059625	0.163841539051632	1.2879249378798	2.07087813454971	-0.975357517665624	0.988909940753561	-2.38164162743572	0.0268677481860363	0.728833788393658	0.99850061910816	0.160194847690238	-0.130312892891162	-1.53926284821556	-1.10299948232716	0.223222618578788	-0.66179995341447	0.0136903207919512	-0.0654108434420935	1.12084819565238	0.01644784668907	0.465983257967131	-2.1881982623093	0.832275547592826	0.317306943840443	-0.973506864203781	-1.6450759225853	0.552138509512138
snp_006	-1.20963998637582	-2.92346975884584	-0.971259666464836	-0.341128473314338	-1.10087943605349	2.62890620964144	-0.0444029323770445	2.23819812370676	0.850359696392451	1.68368159313695	0.507656183141439	0.951017179477728	0.276670699516242	0.627946917932903	0.40107941716766	-0.405006170936925	0.287936986516911	-0.123332075682739	-0.816796863926045	0.416180748452444	-0.859578991343006	0.747850502987286	-1.89008684221633	0.397605632298151	-0.457257464811228	-0.176765963617766	-1.65475852271318	0.171532613499716	-0.987432763901269	-0.758504544051875	0.258663795832368	-1.05548142854126
snp_007	-0.268738798835078	-1.07903722582013	-1.27833338153211	0.0546252152090357	0.589646548578217	0.457324843767273	-0.182622615682127	1.39233512114084	0.282835014972703	0.634861417255408	1.44847614769567	0.905566361083667	-0.131543232815989	0.902577835431491	0.494230490241028	0.935957574984763	1.4393692625359	0.246258216258813	-0.847878871624961	-0.971366578706075	0.263994547500478	-0.23500778484095	0.0990485112809288	-1.41762906418511	-0.958353557001512	-0.259533123522047	-0.811290582657613	-1.4088879858916	-1.36820150892922	-0.925454135288227	-0.340476463807725	-1.01092117490731
snp_008	-0.601982738312409	-0.686185283494984	-0.774771665635592	-0.749367158183746	0.330052794280087	-1.03782275104868	1.94104184796794	-1.24758875764384	3.00418801973677	-0.3097013256208	1.39442004817454	-0.383688418334304	1.84090555667724	-0.0956985807094326	0.00215085731904832	1.92836757326798	1.41781154803615	-0.588303700099803	1.61063611945382	-1.00687706925749	-0.953298373061981	-0.746595748260654	-1.56481333218573	0.245089180871653	-0.829883473790534	-0.778657408593945	-0.099307134184966	-0.798959113069258	-0.337452080574292	-0.0524708672245804	0.408417813780166	0.149396391254053
snp_009	-0.582966815624011	-1.22095991563797	-0.539745188331588	0.0909250393326807	1.75368040139264	0.00683020236991672	-1.02583892270531	1.47669458619033	0.751327801496625	0.59588195552469	-0.665835291152495	1.59943861210683	1.12662287304326	0.635120787256173	-0.346564435609916	1.06628393049381	0.25130198808417	-1.87546600634115	-0.273129159762072	-1.67796153049771	-1.05443276262441	0.634213117239915	0.381378687742988	0.503930470992321	1.42842107337332	-0.373465597317648	0.518163645004146	-1.23307356822426	-0.381411750911198	-1.25698818660715	-0.0166356787710117	-0.570215783107193
snp_010	-0.285479708882349	-0.390167269535518	-0.537999546619851	-0.59899758337823	0.205735124561061	-1.04433451723356	-0.0621374005531108	-1.44374384132967	0.4065979790462	-0.418704744777444	-0.202284085629556	-1.08433080912593	0.0118611500521805	-1.09790875457395	-2.26805308427971	-1.45603864445523	-1.32151121698068	-0.376870373500861	-0.816135058027334	-0.996190688649616	-0.545067818902388	-1.46120918476613	0.316923023362115	-1.61349749201878	0.303538468449984	0.250282592903613	-0.752252138810054	-0.688137416853275	-1.3123937456455	-0.755098252174576	0.562529410083678	1.26442756071211
snp_011	-2.0760828517455	-1.24923868268944	0.810990829372548	-0.249685425516508	0.413158612659113	1.14756730674903	0.546550985993765	1.60523138942537	0.75143687302284	0.786560871402355	0.295081324156682	0.220472617358332	0.675837446934285	-0.692863045581117	-0.111611516620522	0.605204652512175	1.14841359787486	-0.176329243791876	-1.13705788264372	-0.675647221834576	-0.740400196461875	-0.115234964106748	-0.889788779471116	0.164401823885606	0.0819876364721224	0.0702899404542622	-0.532787619770116	0.463095468446164	-1.31713585107263	-1.55841993883781	0.169178724250552	-1.93012021397926
snp_012	0.0360901138687755	-2.01234630000014	1.22251171293597	0.637183291616354	0.170874584230374	-0.488522538049916	-1.22812505658105	-0.556361483458498	-0.834376928630218	-2.20088744299915	0.536140779166447	-0.264498372897562	-1.02167771691334	-1.22527976752974	-1.00020006020237	-1.76783216662852	0.527506320279298	-1.12317208766299	-1.21330670328739	0.0535182674949983	-0.129143363572054	-1.92938355477558	-1.2611904515339	-0.554091780181752	-1.2193900448106	0.134781227847266	-0.816384675243209	-1.95085592176664	1.39537073640054	-0.464394042262454	1.88253452697736	2.2939914741174
snp_013	-0.861889140824826	1.3010648864692	-1.31536193823152	0.777530502306867	-0.314847879084765	1.4163000096214	-1.09381174679611	-0.827231848622029	-0.542383414305174	-0.442878158165576	1.48002705333761	-1.37505075216766	-0.615809067370886	-2.09569696910841	-1.05656832887147	-1.82900242366238	0.813282962283684	-1.97218262761228	-0.490307445230855	-2.23264285657295	0.637358071333386	-1.61093411990565	-2.24040106368949	-0.418355830028371	-0.207953557928861	-2.49755438990055	1.03973017249204	-0.800912849259142	-0.168151869667587	-0.204314617856429	-0.464022754721151	1.3187329037115
snp_014	-2.01174871557514	-0.280317147094285	-1.57864933167517	0.423040368642641	-0.367876659166819	0.391480114027955	1.18970948811432	-0.173509159496883	2.29320954570817	-0.164999139363734	1.50877057280812	0.293897775127399	-0.330829276693574	0.0630047791550923	-0.744676359139507	0.937503538648712	0.0746264709696151	1.14191572009505	-0.458780073421141	0.837171510563724	-0.784875377663682	-0.0460735559309909	-0.958415515870821	-0.0772192191642435	0.331947244983996	-0.177210234643968	-1.13776815221227	1.75653818011866	-1.31577119300963	1.53605352575711	-0.707069137815584	1.1728272530725
snp_015	-0.768439263927825	-0.955179803530911	0.751314293338323	-0.566618379231615	1.54310068398377	0.86396956089725	-0.0246804862813199	0.766539418265272	1.66742657675649	-0.461506876660285	1.50074732240559	1.82901122984059	-0.0346783285968836	-0.204676972380905	0.386469933459003	0.60801671040654	0.227252223450906	0.595344520568407	-0.605428272783102	0.689611753860808	-1.03802872594237	0.0607374430799391	-2.24277036982626	-0.518908348092066	-0.0457604467751286	0.532060676999064	-0.846622216815045	-0.0988370247132373	0.325500938584736	0.181613309022535	0.65051981797977	-1.93139962140404
snp_016	-1.37484276869254	-1.20905929852057	1.4263232615671	-0.985507373058564	0.337956065929588	-0.17579615321747	-0.982615896164763	-0.38768055502893	0.821385284420924	-1.77489336829362	0.346705184596935	-0.976227038060966	0.905207432743856	-0.511991838264382	-1.11131813892963	-1.92663907923944	0.0275959619990396	-1.83336482672056	-1.06720844925606	-0.947509174233879	-0.701576836461181	-1.35292043449679	-3.0240189123655	0.897551722080937	-1.22613771063346	-0.445025330452241	-1.48958465836674	-0.551895350675507	0.081879368810881	0.596433629535253	-0.396170356164076	1.52567481145903
snp_017	-1.31300426141015	-0.180980754545449	-0.179307417955808	0.405713256451222	0.0887999504694949	-0.595897626879439	1.06749075736312	-0.867465782758894	0.909885130537644	-0.238684345894926	-0.97593403431094	1.0674707360606	-1.06359679738892	-0.303697134013513	-1.73567978461121	-1.73064167356066	-0.554794974551845	-0.945354333601896	-1.49062867632305	-1.57696134210573	-0.147316300830017	-0.930652391031673	0.551107915441981	-0.257335555108359	-1.22570821435159	-0.398405148825824	-0.192836348825329	-1.0697259795003	-0.671312213458582	0.676949209686792	0.410959773369732	1.29151689010742
snp_018	-1.68285228490741	-0.149218444506968	0.0981715481090882	0.403542323953092	1.04835162137805	-0.691081676242337	-0.772637006373448	-1.21728997623794	0.979140919907634	-1.6038210629585	0.0613043139854771	-1.41376039512384	0.425158968026925	-0.561832170955978	-1.20416024888891	-1.45083770400683	0.434044228445253	-0.0259746182421723	-0.524435833999711	-0.835788068973102	-0.766734167412007	0.134089528761666	-1.19015659665755	-1.51372199003374	0.234116234111119	-1.47778975419896	-1.01477321937395	-0.606326310650988	-0.294840653018468	0.226450446878551	-0.668735348682558	2.26394550888756
snp_019	0.0321539625962335	-1.51663876410232	-0.473801657473166	-0.692316369995665	-0.412407129051197	0.0861194561460251	0.688857690853198	0.334869797336429	-0.0625222234392807	0.682003901368786	0.865785798332443	-0.45390664269245	1.205618948205	0.828691475453214	-0.499528792246943	1.48461778248535	0.811083054313013	-0.387508078094693	-1.36392193090624	0.448650290140008	-0.413282426990466	-0.241139355290424	-1.8989374029841	-1.08131017421369	1.08178321438369	-0.0390232239546452	0.386777757189432	0.143235463446207	-0.426360080652673	0.495163583437106	-0.915881071145199	0.816672784112329
snp_020	-0.304004306582575	-0.614782702620971	0.545834109270421	0.517346924910325	1.3351186984355	1.33147966323937	0.780448608321423	1.21789229934755	-0.144116910211694	1.07125492990705	-1.19559133517724	0.0370177140139911	1.37918135647013	-0.0299272311095892	0.80508792298184	-0.344860590406882	-0.913612051679979	0.300231917207808	-1.31497046485198	-0.969986353742584	1.68694416180805	-0.411881025089112	0.578007803842153	1.04943726449435	1.08909672264531	-0.12814217189917	1.26210455683183	-1.10618977701967	-0.906017421123411	-1.46618096888616	-1.1601534911388	-0.83359755094647
snp_021	-1.11790409006153	-1.85260090752148	0.299236481415919	-0.359524985578993	0.0879053569766321	1.07132226552534	0.136602999368331	2.15799175166801	1.02684657069722	0.894072986272739	-0.180244408639175	1.22554287648269	-0.806831130549236	0.225276087421673	0.207593142509271	0.587951239816165	0.103990329821915	-0.478271986929845	-1.84635200833944	-0.097605339042567	-1.36061280251411	-0.175589830402391	-0.658488174459942	-1.20683865101238	0.666202857709776	-0.740216015701662	-0.622508317843092	-0.692211047074583	-0.105722481176404	-1.37574654917882	-0.805438575443529	-1.12222492759559
snp_022	-0.966381637896854	-0.858154450672628	-1.32530071022271	-1.76805330225961	0.629856522266111	0.677310607304803	0.00680930327553209	1.77415455865092	0.418172236311172	1.44185770401023	2.06907762005266	1.34782051827235	0.355997859617396	0.87121706029818	0.184515312273482	0.448887159733953	1.71984890527617	0.830339190717884	-0.890808273215566	-1.11212206664011	-0.549379496475582	-0.377059601145242	-0.850404295134891	-1.77066277522366	-0.0442072407248288	1.28972459019324	-2.17554896875386	-0.444634265028273	-1.63729827821897	0.566306936109397	-0.766515712215353	0.388505548152675
snp_023	-0.602581923661499	-2.1356388335305	-0.104029969064665	0.197533984107304	-0.166815398856026	0.852476711517943	1.64987959797913	0.071431132756121	0.711891617915618	0.905616043518392	0.452352255939518	0.598768784466587	0.00909622636886585	1.08561490642264	-1.10367360019406	0.440744750661874	-0.950984249994984	-0.290578800043355	-0.170448483829762	-0.811377062179819	-1.26519323327605	0.92922185263565	0.0495908097724366	-0.0685660359491101	-0.691959497004271	-0.152847715839362	-0.274241548242907	1.69225873531183	-2.05419007497412	-0.27332540377703	-1.49431835446625	1.42024164543669
snp_024	-0.430871781605381	-1.29542851436526	1.32254188088407	-0.963909029400637	-0.753615135815772	2.05314579153597	-1.59520237908419	0.367281794356921	-1.49403954057068	-0.0868196394745468	-1.79718142272726	-0.84299801184273	-1.06964167400229	-0.486343900696902	-1.22321105190281	-2.11336932844516	0.410625870661063	-0.0469290059743335	-1.25488062286338	-0.419762331189288	-0.217154847488001	-1.81669330196249	-1.32039134662475	-0.462915267009708	0.298032944740226	-0.669202827791747	-0.64360528580003	0.444702957784615	-0.161868468818435	0.558006685022422	1.37976206251612	1.72669103833882
snp_025	-0.337016841356721	-0.730119055303965	0.547534348514628	0.765612688816417	-0.885298303813211	0.741290436815118	-0.691995680120763	-1.06540451630694	-0.192027420821558	0.2425619633231	-2.47545057503326	-1.61081241102077	-0.807375947362837	-0.287689492753742	-1.11933789267938	-1.49194571881365	-0.0943591333403979	1.11853648522995	-1.57737378325102	-0.734168471925116	-1.00838951351209	-0.940315153471358	-0.0931205248985527	-0.333841325060176	-0.473916008098237	-1.21407193808841	-0.72611810371727	-1.24733834863472	0.33376887545384	-1.55360466588344	1.47140360350964	1.53777337622332
snp_026	-1.57822936563148	0.66533270600529	-0.544482872657944	1.17535559228484	-0.801691418935654	0.675326820968571	-1.19010178567472	0.345780102583318	-1.51272090396467	-0.310638623167413	-1.15335487861242	0.00925749275241505	-0.604775264486941	-0.981437452753713	-1.66657464458281	0.0621008150336344	-1.2120383034427	1.43825817611073	-1.8039392091266	-1.00382415791501	-0.680253768713576	-1.97719605908475	-0.288613016975017	-1.37608180595993	0.317687276377836	-0.264463926222601	-0.311027950967233	-0.627530300380744	0.0729188686364233	1.53353799742735	1.86184404515782	1.13294442022654
snp_027	1.01120636138968	-0.843646807123495	0.661483459782447	-0.53141795353641	0.762911928430825	-1.38909335336918	0.630244174825514	-1.43585484495994	-0.708219562877789	-0.653102975906518	-1.467940667338	-1.02368563656848	-0.137523694560392	-1.11211254158409	-1.52000160830087	-2.08007510195636	-1.0267157635636	1.27325990752001	-1.19025180988684	-0.928963490824049	-1.51273696299672	-1.17229431395556	-0.856000389154567	-1.94332576887987	-0.234225151890396	-0.250164279741401	-1.39155779938012	-0.323427283712336	-1.00338217040882	0.277026333984537	1.37975198998364	1.02780221927007
snp_028	-1.26665266358687	-0.58818376465189	-1.45846131790424	1.01912192858819	0.385758540166541	-0.644426772514412	0.227056775080908	-0.341834185008059	-0.9168008983259	1.03129684113766	-0.998351022336074	0.562701982451118	-0.000383885603337589	1.10699821917648	-1.14897053283296	2.17008059401868	0.256696182575596	-0.483751164321318	-1.22574860350446	0.583739135833349	-1.43149381346185	0.853744343031106	-0.431934476646129	0.0157604528120465	-0.0052792151691945	-0.61393575241734	0.772173855977556	-0.652287234586416	-0.0521780524393106	-0.914466747655772	0.122471212967125	0.638896582374277
snp_029	-2.58169196262644	-0.143298461215602	0.068682845223858	-1.5635630872778	1.33459049433579	0.643243541883623	-0.748569047546591	-0.328969621240463	0.221603215898534	-0.806180921643625	1.09149843252296	-1.69191279826942	0.992695767296347	0.392107690848829	0.57409545886739	0.600017968699664	-0.654175922085866	0.751395490799595	-0.700853347538285	-0.444591906165733	-0.284943342727618	-0.326343322752353	-0.869495751399741	-0.783996742035951	-1.14983407143854	0.759097048605914	-0.535625818980754	-1.03762923135171	-0.819692463623964	0.648048713495753	-0.669297948457987	-0.881863695248063
snp_030	-1.90146020228197	-0.133407236378323	-0.163666767140993	-1.47926841986368	1.2043450915906	0.798939299038787	-0.817011446912547	0.167772832412584	-1.47313685386911	-0.689095489800819	-0.335246537548891	-1.34523461769882	0.694022521425486	-2.2286337884019	0.0503680168411613	-2.53421853864039	-2.33256056221134	0.955457001153924	-0.84815737834594	-1.4463093708682	-0.418486845806747	0.344175789976153	-0.0501678231332269	-0.111208725231862	-1.37351518840996	-0.129482793373456	-1.09582074022671	-0.379758090294197	0.962064058971488	-0.829957811348396	1.33079250168321	-0.36868934877462
snp_031	-1.9690151250043	-1.12032244485289	-0.00634891171722662	-0.22583150783447	-0.814192005136458	1.62676061061032	0.248608577544658	1.2847010118544	0.422273794361018	-0.389288316078329	-0.481418246587602	0.62399650804344	-0.289477168193391	-0.335530971238258	0.982791837939632	1.4515626386755	0.406066100781024	1.72446616182547	-2.34085109986654	-1.13922669137708	-0.248818130416331	-0.333848686773323	-1.7135204249093	0.115869039534552	-1.02965168355971	0.422362979204156	-0.0158572363271326	0.440017269948205	0.641679288351638	0.43450222519133	0.114607882842689	-0.108770084846071
snp_032	-0.623689492868375	0.0264696611500571	0.736522813062799	-1.35685377533858	-0.503727085867853	-0.841344814078988	-0.0860057803381085	0.430154138250649	-0.437206556571478	-1.46193212929264	0.0843164158323263	-0.602349991268389	-1.36649754173937	0.460949011178237	-2.56512839579515	-1.79748104970375	-1.82553487516733	-0.547261513845867	-1.40723787623981	-0.186549708952532	-1.10156641185961	0.306325325413015	-0.672827259106635	-0.447718771790248	-0.71992498541822	0.573370425788423	0.555264962631674	-1.52606896505944	-1.72292167466252	0.21800856148222	1.49220570939363	0.858930172977099
snp_033	-1.72835585992112	-0.241775822387562	0.562621606274916	0.362349280181182	-0.0741915487154725	0.699365304340181	1.59327569500826	0.867512457915703	0.197769980594387	-0.230603006110676	-0.702242378047508	-0.0539810053661916	1.12438055107876	-0.797178492131565	-0.0264583510892203	-0.483638403611835	-0.597199317297188	-3.41737977729848	-0.839524920527393	0.339197832497148	0.391314641232678	1.14541497888505	0.274450635202651	1.66127187912682	-0.0364775355812121	-0.671549532355049	0.635780622590228	-0.0429890009729503	0.334132871709641	-1.77781662461341	-0.527661374292224	-1.92477481178463
snp_034	-1.09686222641782	1.05117174251076	-0.30841406855838	1.51373072392753	-1.11672061664534	0.646083288403681	-0.786189766446045	0.10351260766502	0.188887450732661	-0.833718502971672	-0.725122404767605	-0.622042463523358	-0.306618645547041	-0.788530329361626	-1.73961191516991	-2.32706095319397	-1.16821532055025	-0.588486418762715	-2.31031211531154	-0.445575028740614	-0.357496221287416	-1.23010101409931	-1.1602076214189	0.634584630331645	-0.987878417016687	0.668522175760298	-1.34751356686089	1.63728894059987	-0.830619877404709	0.680268106854902	1.09799516544511	2.06513771312523
snp_035	-0.636065762751274	-0.729286630520979	0.180853064032142	1.38352140122066	-0.916826200658889	0.924111561336783	0.036840983587179	-0.189049062372657	0.545986246384636	0.195482885668702	-0.193965956361914	0.704970757815705	-0.711193909182148	1.12974744434629	-1.30297183857954	0.798765900736744	-0.461561489573755	-1.31511980367209	-0.699619443117033	-0.718382123811269	-1.07764004422003	0.195637196229018	-0.377782331138382	1.30812151945405	0.245820651366254	0.862680810404329	0.359425481605547	0.44092539160892	-0.560278521478219	-1.90252489891929	0.00262006811427795	-1.45666208328893
snp_036	-0.668807400154315	-1.08583640492673	-0.35681497505626	-1.87011331576795	0.515847430724759	0.468702181994921	-0.1351146900529	1.31491399484343	0.698770569097718	1.60599512045501	0.592334326821262	0.729490280484167	1.04936065734392	0.0612965658974642	-0.379037005674041	1.533876269746	0.364041005621804	-0.708133307728985	-0.352767389279338	-0.043677462078762	-0.299890971733911	-0.29309217953677	-1.12193429726537	-0.269959319110542	-1.54893003532435	-1.87733446672881	-0.521776469689162	-0.0525846734948755	-1.61253581116703	0.618545867860942	-1.56315412053321	-0.764133462265165
snp_037	-0.106347291582561	-1.82319131397684	0.465073378478144	-0.845019910071357	-0.361251461179148	0.153696038806564	-1.37717295074915	1.29792181933854	-1.94305762660752	0.0207239385048375	-0.843787129382446	-1.29248004393671	-0.683942173549521	0.726249622273021	-1.410368495678	-1.99967743988431	0.777783157306859	-1.20791653505319	-0.44419841479722	-1.0957931686156	-1.02633330863345	-0.587702203317821	-0.557521114696115	-0.605138257115098	-0.612273358336624	-0.942729110341237	-0.158315469871837	0.500328557384963	0.89585555639271	-0.33942624466955	-0.163873050855083	2.61900971608503
snp_038	-0.911039106665987	-1.46662159875399	-0.0560039458864736	-0.0111635764113025	-0.66477828337986	0.273445764112382	0.0604379895771838	-0.347200537424087	1.42969021740904	0.253620054350007	0.335431663521471	-0.0828960292716829	0.468662381899149	0.83466865123939	0.248945462343878	0.0653152110493027	0.476966647489454	-0.183498037942571	0.585832140263787	-1.02086223604556	-0.0533311564400867	-1.70676106498235	1.21624411064464	-0.657281010199711	0.4220455388221	-0.412886277005096	0.643614077172368	-2.12184395820749	0.1521752244279	-1.10511694493801	-1.53127942956013	-1.03601225929194
snp_039	-2.1152670010891	-0.743601231040582	-0.24117555374009	-0.0412014361765408	0.052500696087254	0.483786836766623	0.488916033119324	0.49495894333221	1.24625527811489	-0.588903873107411	1.06199394115033	-0.0661644788928125	-0.414174415210895	0.21137420599097	-0.750821272298119	0.473794879490543	-0.391649417483775	-0.529674463418319	-0.591479438587021	-0.196669640931075	0.784001614087952	-0.701656992301894	0.0381280267155786	0.341627157387007	0.624887898622076	-0.249305172897234	-0.511778311512644	-0.265744915629165	0.748563124701042	-0.238487079782323	-1.60314542091766	-0.913338125428288
snp_040	-0.911349795323353	1.60368831694384	-0.666315578810739	0.814877697313478	-1.13102587657673	0.356419116814867	-1.72944841305495	-0.846694508713937	-0.558349273977688	0.925812485970676	-0.942908100189967	-0.516674533275583	-1.37884484807221	-0.0994388208674515	0.346862586753147	-1.13091317324713	-1.72748319906439	-1.10901603291392	-1.02279339314688	-0.35047367099184	-0.819999945250186	-1.02458832414233	-0.965641036309324	-1.45218361610017	-2.00690787480769	-1.75740518986384	-0.87717173266082	0.240310535332795	-0.0337481181406852	0.232962886479509	1.3654121649669	1.57639034122628
snp_041	-0.100833500003889	-0.847931002708165	-0.12987094815548	0.151884952648704	-0.974641191395856	-0.264549561827457	-0.650927729100226	-0.555523931110226	-0.204913578895643	-0.246457419380697	-1.33114341801406	-0.220151777720596	1.25979204779498	-1.99867783533251	-0.753609889865016	-1.36598169455046	-0.0221389184298638	-1.47634047840881	-0.978673673654165	-0.465353145537866	-1.88834800396797	0.0561285044734635	-0.968500210873208	-0.734166895768896	-0.252635450385712	0.11759552597012	-1.15287446150938	-0.71209732095281	-0.760638969061719	-0.653203084114496	1.36500698943389	1.08142758817663
snp_042	-1.29833391675398	0.697540985186912	-1.19711324532368	-0.82215020372484	0.772464846835312	1.07947623690432	0.39491454389797	1.25914688633431	0.926687810890556	0.602773625021541	1.43659625303275	-1.78137509664894	1.2894543061455	-0.311401334270933	1.01386047700613	-0.925372650277506	-0.237093687412089	-0.374293646584417	-0.202677786598903	-0.79676978722144	0.329687463978953	-0.570704629048449	-0.558446308559799	-1.19997299078284	1.59974728829397	-1.1015086944453	-0.356284411929279	-1.09356329593201	-1.05812960703134	-0.391416474107645	-1.70058496902121	-1.27665249585436
snp_043	-1.58126748055119	-0.155239880316227	-0.886818514312756	-0.779075535796842	-0.0061615549677638	0.963245517841288	1.22848975264452	0.435563160021028	0.756868933857666	0.942365648057047	-0.368240337541153	-0.127046281935953	0.348341257718023	0.339827082541638	0.658784445512043	-0.837314246867251	-0.18594771891056	-0.437151581549823	-0.102723191278012	0.0926721465582102	-1.15206253219454	0.195192883689203	0.0852555231011849	-0.736192251974787	0.49761064162861	-0.387665087534408	-0.743804425772161	-0.987181759714596	-0.313930479665743	-0.71316996017959	-0.253951507921439	0.0882949565543368
snp_044	-2.45153884983094	-0.698600590100658	-0.553321301021715	0.708658142157627	-0.661329034562781	1.08689579003989	0.32615623400537	0.306185284495534	1.18410937215558	0.721833698744014	1.62215224742412	-1.24842214674306	0.00565144911416442	-1.68013212496446	0.444304761815502	-0.42378188351793	0.651656729384794	-1.36890954428106	0.0147976792908352	-1.12834847156526	-0.0714023007352365	-0.366331994048015	1.55224135454366	0.850387139009436	0.249168852457863	0.120572686612695	0.116460562811427	-0.530580700041288	-0.000854806879724057	-0.724669724315055	-1.15051471025516	-0.307621116332788
snp_045	-1.72051146564644	-1.02715952059351	-1.68139003733112	-1.17300990486889	1.21360325919573	-1.38986546445729	0.892828920958968	0.172858061482147	2.51968350109805	-0.078268572149143	1.13287692574542	-0.848140783684051	1.33480943044054	0.929391796510479	0.245562839873846	0.972910859752603	0.616881895334614	0.116388335256322	1.38335069356174	-0.0811909279153629	-1.7585145080576	0.550277219119278	-0.0214464824675535	-0.856840185451805	-0.701515465099585	-0.995131563860957	-0.831236294781088	-1.19954728422025	-0.225202264248867	0.443251476280125	-1.31721539034989	-1.08417686618076
snp_046	-0.219444963591729	-1.06798414351938	-0.0194637476097589	0.430177983361772	0.528183584013874	0.536504404039468	-1.29161176683081	0.330265089759853	-0.226197876423003	-0.712534942236496	-1.29020464802828	0.0977523758422713	-2.41568497623316	-0.193090340773443	-1.85218149058959	-2.23657583395963	0.4693394838276	0.748915161736094	-2.00927912217283	-0.989685326546942	-1.29947314474038	-1.90981786205139	-1.54470549485405	0.860161730489549	0.526078474622584	-0.715379749722594	0.379059340874005	-0.597121149970251	1.02309172929487	-0.126879442791534	0.0187843302588326	2.36687831787327
snp_047	-0.685673996509689	-1.49311335779703	0.361554134382314	-0.4495235870039	-0.00118990900440177	1.00571839097565	-0.292793630450596	1.3667212986069	-0.688267818091989	0.989896919443364	0.749004329710697	-0.134623254394123	1.98360350247723	0.414223014057529	0.210996244382487	0.911827949679965	1.32169260225001	-0.668629284745182	-0.635768092876167	-0.288436263132477	-0.413300570397907	-0.266007517115286	-0.816561962873517	0.525988905332492	-1.73600013483728	1.46970769851696	-0.265198805705082	0.721299245205318	-0.0254728039023359	0.192704827138306	-0.189916415354606	-0.987129627144327
snp_048	-0.901034157233041	-0.685690062817011	-0.00253075751382104	-0.0807371071292807	-0.853324196878498	-0.284961913821744	1.06691711441105	1.43675253475296	1.83714184218483	1.20121386767733	1.9462082966108	0.702935916201799	-0.574552213226216	0.795910320098109	0.786184536154556	1.82576356023125	1.55029036771132	0.479852304799856	-0.621426682912153	0.960476595690031	0.778723578174724	-1.51607133286106	-1.63008101587608	0.435947278594062	-0.948565491782462	-0.435590230009354	0.293899461665867	-0.738867820447582	-1.23775578910788	-0.363820721235518	-0.0608872888007134	-0.673261426469676
snp_049	0.235015910513174	-1.15103313405545	0.289293944081306	0.27013491376114	-0.0540921365619931	0.354834909384798	-0.962292091735754	0.991635608968843	-1.55370790953077	-1.09982521854164	0.315417752032232	-1.23394509252773	-0.541563148568983	-0.996382218234131	-2.94534756924258	-1.77713915892557	-0.134240496362522	0.204233617924736	-1.49528662449426	-2.44304973693611	-0.755470580062321	-1.22938461531777	-1.20824079040629	0.946047857812449	-1.96910024516122	-0.481828135119573	0.0802679945962143	0.427946102096379	-0.404267816478396	0.36980923984674	-0.351337907859145	1.32469289592161
snp_050	-1.11056531506153	0.201375565193207	-0.0109618373589058	-0.662686624987538	0.547022620996357	-0.342626739692456	0.811401447790928	-0.208152845092985	1.46250315943963	1.67302006950083	0.438395902347799	0.576200759889428	0.739718000651274	0.0637889034319332	-0.208327549637966	0.889849589948215	-0.0608660153931786	0.560312678189418	-1.4751603086197	-0.894672886953381	-0.116331592518262	-0.293345407836947	-1.23519616584932	0.224627812637143	-1.64557191983292	0.462668322132766	-0.884676556171258	0.411872257573073	-0.314972577093884	0.119988200488204	-0.377618405480056	-2.07417778508374
snp_051	-0.541679888000972	-2.27888568610753	0.311558301516565	0.229526763681254	0.201620363301297	1.39996910272389	-1.42289049273403	0.923966163195072	-0.608539529533113	-0.880670962872965	-0.686744508822586	0.216768333703429	1.57632362767282	-1.43428116083378	0.451516621702499	-0.193239931400307	0.394546387791818	-1.23302853523622	-1.56314324822726	-0.823125272308433	1.27486219451591	-0.404592155717118	1.57702537196797	-0.881769805550218	0.407565418825643	-0.256615207232086	0.651794778786828	-1.22631096037484	-1.31747150298805	-0.531447506468819	-1.28648926138231	1.20062628446561
snp_052	-1.30915834787333	-0.204062160465886	0.596662975545378	-0.130869873873252	1.05654590604813	-0.330495894442835	1.00998621757275	-0.551768890159574	-0.491834724563945	1.01897083563925	-0.289559263093759	-0.287530627544015	-0.675117124956093	0.773536758011028	0.160770409112815	1.40533226497142	-0.442853396535065	-2.2384860607624	-1.28094815637028	-1.98663069893186	0.51498309395793	1.35835196827386	-0.542328631579214	-0.676759972038579	-0.610390183173833	0.524753870030233	-0.706735516931297	0.0314010449390162	-0.352702906507854	0.35149252641902	-2.05198886331181	-0.134910596681415
snp_053	-0.416554194492048	-1.29013640344938	1.22279556098944	-0.255330292040098	0.351053270279454	-0.856755973155383	-0.172782308621151	0.0239603737397239	-0.445153506786855	0.785246887187737	-0.226985753428001	0.357819501699956	-0.867934030503093	-1.61507716028098	-1.75926883431347	-1.92763453068281	1.36480770839441	-0.663078498662326	-0.974215770664452	-0.71744666387324	-0.748861557465815	-1.04104984808303	-0.497783091809367	-0.64737633574257	0.315116458602846	-0.226861747926669	-1.60190027857263	-0.449695721982185	0.575536484135433	0.127611303388055	1.47759860640879	1.23556756883084
snp_054	0.013472907420208	-0.655781608619213	-0.484648188548893	-0.651695957617056	-1.0392484244806	1.05872084938328	-0.978843442597393	-0.378527982137858	-0.191471557959904	-0.54856998715343	-1.93672662290253	-0.522030524062494	-0.686880521486234	-0.163470421144798	-0.477805240802294	-2.96262265639228	0.967327745908051	-1.09647040561878	0.238493066088969	-1.02253298090524	-1.21293453031513	-0.744634262894627	-0.484025243953616	-0.610212519701976	-1.11305687859521	-1.167979108973	0.380317251124973	-0.665151237240113	1.35179176701931	0.413415044547903	0.139749278184565	2.2137969629124
snp_055	-1.45984042795676	0.363856562116733	1.09247410595046	0.416321817619443	0.251066790409384	-0.155784336503366	0.056472027131543	-0.0516408841134596	-0.112269410727718	-0.85764554177437	-0.260066635995461	-0.918914603271363	-1.69375265037554	0.599262819483984	-1.19713887701943	-2.0784952483065	0.10730854437572	-0.406673047889301	-1.26756548806577	-0.986607822168289	0.504035991840893	-0.801033534774558	-0.359677289323187	-0.609339458074381	-0.972150441808869	0.0210154511118884	-1.54063139040453	-0.977758573797681	-0.442495073953699	-1.29134046631475	-0.506307282039892	1.7678285185127
snp_056	-0.0613301792298626	-1.50572596022278	1.21359064186001	1.21764824162186	-1.48272344596381	0.514427250204459	-0.0505979053579257	-0.528050123879766	0.0605882964969626	1.20639369050401	1.6247399027765	-0.75064144083575	1.83968628100689	-0.377875580006694	0.368771429733739	0.979751947922118	0.92251736863821	0.155336023626671	-2.0187021763987	-1.52663663210079	0.100730058560875	0.380954066478917	-0.157681453116055	1.6462450814434	-0.726056879225361	1.08756857149694	0.0955712018372857	-1.09579806531888	-0.256570321288536	-0.457412226900941	-2.49511931211327	1.25540070630257
snp_057	-2.23298072845094	0.49575644338684	-0.103477110315267	0.194692540580279	-0.00457255063099037	0.226094645522898	1.07045337922006	-0.404891399591286	-2.28914886316444	-0.162699066863986	-0.79721560181043	-0.0497016017683303	-1.53852487757676	-0.773853495556927	-0.629557119024793	-2.83196287729887	0.726834296510485	-1.08445585228354	-0.130539618154785	-1.78316243628925	-0.704731270899064	-1.8933570651352	-0.97327392696875	-0.387376735648349	-0.461637931988208	-0.423339566717071	-0.199566771189302	-1.69539941640746	-0.735542254717172	0.784294268938118	1.36736559708663	2.11104414015523
snp_058	-1.51688927005124	-0.405834099720718	0.657172926873988	0.462372770809974	-0.280733898842834	-0.314633179430105	-0.661403299124016	0.922990423381156	-2.40294259824931	1.75174837688142	-1.80790077771565	0.256777540373129	-0.639043775767974	-0.236391135090516	-1.70060837984863	-1.58494941747229	1.67825695981184	-1.34290788753687	-1.15061930256467	-0.0579683250187698	-1.35641547893408	-0.375730136477152	-1.10753106617194	-1.12493366879958	-0.955433682025488	-0.534960589125655	-1.7887650614378	-1.14877632341029	0.197308716538572	0.0799105190756791	-0.262998685894211	1.36610264402566
snp_059	-0.321849366990673	0.0845253849800604	-1.07435483500361	1.1841169351924	-0.993453170788164	-0.310428709294172	-1.22002370408757	0.450210942933295	-1.63541569502584	-1.3012340462916	0.942374361897064	-1.46047963521205	-1.17253267744682	-0.220206487957255	-1.96780173538559	-2.26804619996961	0.0675164880073612	1.27500287801122	-1.36941126591653	0.682667492525035	-1.23708322586416	-1.10747176076223	-0.172910040674136	-0.59238913949958	0.543313310642953	-1.50625981296743	0.249645028020489	0.443914309135499	-1.45123314277408	1.24538138865638	1.18788807945487	2.34487002593851
snp_060	-2.03541819172846	0.533803029144888	0.718645828964082	-0.345132693463208	0.59051937959193	0.145352533442813	1.44665818369768	0.245597996085669	0.792732440030332	-0.371545539358616	0.250779287990745	-0.239464379194834	2.20804068793916	0.630231787982001	0.260417549523592	-0.534095120405399	-0.0339374586317189	0.0303432835572712	-2.4159945407279	0.474494746165619	-0.89065656502336	0.790626300718137	-0.231668194151233	0.143595521963652	0.271681830788975	0.601097356495688	-0.560287449327628	-2.17120898466597	1.48476068721188	-0.408595913129075	-1.09827119703741	0.337844362645638
snp_061	-0.260527370506956	-0.938050620665579	-0.712522019152739	0.831516518686432	-0.286365311181678	-0.233355854189111	1.02266533549758	-0.727803735906577	1.72851072579307	0.2373623079694	1.77538066600354	1.10573169317285	-1.02528417822149	0.0561560236237356	0.217784770337536	0.281320841077723	1.56586101467766	-0.563862896299837	0.438786533430799	0.0687150841217251	0.460037189386348	-0.531829731484806	-0.782545563652882	-0.268887678981863	-0.0194336069043994	0.543510574276706	-0.00640719026965725	-1.30432429460436	-0.436701737851703	0.542674372313262	-0.406474043409915	-1.47675343486412
snp_062	-0.89005384768361	-0.427560909726015	0.559710574383038	0.34427521753836	-0.256370812393274	1.0792345062948	-0.816959969432646	0.725479303540131	1.79313569455946	0.0170947546366242	0.510186567339441	-0.222693039617612	-0.437677817310021	1.4756253716778	-0.202566354641304	0.175809813019824	-0.108017929129689	-1.4728831954074	-0.217592541998905	-0.0758984146621654	-0.536200790693751	0.0724783812619037	1.76499008755913	1.91903966924618	-0.802859096467163	0.787134442414045	-0.323633967918663	-0.757611382753149	-0.601115042059965	0.0292642172369497	-1.81861277119551	0.339548509696458
snp_063	-1.0087731021405	0.0577291836619388	0.156203968203391	0.00121366058903405	0.551816684026661	0.194075600924445	0.0407033333234431	-0.515055343065486	0.449382785570729	0.610209669867394	-0.469087497567976	0.757694753530311	-0.298245658017882	-2.0578350911308	-0.201235954285415	1.33434747501582	0.350926270881749	-0.0673097125639475	-0.580551814342261	0.662990330025011	-1.57550230645524	0.205387851982538	-0.0597312874654896	-0.392100183500071	0.663014515823403	1.09669683426891	-0.564648418293031	0.43125206596856	-1.7566364110905	-1.07721006455654	-1.10636216256727	-0.819354884587475
snp_064	-1.61966182636992	-1.20723421542024	0.735872750976225	-0.516958955627081	0.596502282347954	-1.50681461536164	0.531945701117075	0.0308447149783387	-1.35477898857682	-0.576252937171215	-0.34412293579959	-0.724309476735	-0.460254671674742	-0.86165440570166	-0.782356521217153	-2.03691021971331	0.732564865962249	0.064479909667105	-2.24075963039208	-0.0019784932877307	-0.581283297229943	-1.43495593154605	0.27714724896284	0.708531688860936	-1.9816826995851	0.0178079376675764	-1.58523802175117	-0.277920710678409	0.344286265684388	1.24732230716085	0.670787926996994	2.75078699095549
snp_065	-0.563045354099153	-1.58897694900056	0.369026991359018	-1.15813643914713	1.66886893367393	0.978907418496963	0.860477062772766	1.38601787468329	-0.321037092935718	0.903004202817557	0.848512509920176	0.00380183625034375	0.0133657567294646	0.154826600304252	0.287182281943347	-0.105788423110754	1.60922116494328	0.763291642777452	-0.482589004477994	0.559229388417926	-2.26200548797034	-1.14475827869546	-0.782276257650071	-1.12409732552686	0.28883577226708	-0.301521613781161	0.281888407164232	0.0404369324386997	-0.198404701941905	0.501194358633319	-0.744055697062252	-1.17395782609532
snp_066	1.06393629155056	-0.135528266351726	0.979606076787048	-0.843452747134531	-1.33047078578022	0.512596187905358	0.115478171017016	-0.434725567415946	-0.61781262316072	0.160304058609136	-0.491059495804864	-0.445008588280144	-0.242901029276405	-0.449237114317541	-0.781200731412314	-1.28714255751606	-0.463511657616603	-1.48437065806337	-1.3307806470914	-0.443580444302275	-1.9304830826667	-0.462205986894066	-1.73229778097958	0.298199854821863	-0.69760947621644	-0.533437488592549	-0.0576555781766104	-0.939422754849353	-0.710895347996439	-0.113116682777372	0.616524316785472	1.61993886850497
snp_067	-1.70047575063404	-1.61564427157469	-1.01182600213624	1.38846402213369	-0.726390609007051	-0.0885661463890506	-0.345655747292734	0.244306777733271	-0.729669985205697	-1.65842479131675	-0.868600714974902	1.17916776786298	-0.585545836997331	-0.778301278368506	-1.8439441387096	-1.93879476962654	0.860354747733965	-1.4938227272122	-1.14303551137526	-1.45950995827441	0.0085282291215989	0.525714833427613	-1.57186273643696	-0.744048513620004	-1.58469348426704	0.743832390558063	-1.14226988707888	0.101684326960797	-0.70922045504035	-0.178706409307879	0.996545905877759	2.74023915767849
snp_068	-1.30330853454865	0.167681174595393	-0.282043379870734	0.547033184606561	-0.467360531624495	1.37583160801924	2.33366196522598	-0.539768277036457	0.594873037043449	1.16008807038949	-1.12909622059449	1.21140197941066	-0.275016300992073	-0.660564591365916	-0.683885098326295	0.174283113310331	-0.977299230661975	-0.621209621525204	-0.221959457521401	-1.07497749210755	-0.942972168053444	-0.754817735340426	1.14736346832634	0.52098398844574	0.322995224499122	-0.313611515130945	0.710168365341732	-0.473154227870055	0.2077272967625	-1.12504350182026	0.232320020021542	1.20834786849841
snp_069	-0.665377945915853	-0.386464425756124	0.482113960106662	0.30103239418297	0.483967133217526	-0.24300761848327	1.42888118434793	1.5114867664995	-0.340855603687619	-1.38497288034738	0.793383204697468	0.388742028187671	-0.741536343338993	0.668075818808171	0.371882986800228	-0.0300810521537779	0.001048276946381	-0.333278069196407	-2.19814400559905	-0.283379027716279	-1.33067237085695	0.853888321820517	-0.428435771213806	-0.247087569631285	1.74161563562625	1.1538723669647	0.0539281127133265	-1.57285840054781	-0.873970122880346	-1.44897632326124	-0.712938510066174	0.842405902918432
snp_070	-0.704667861927372	-0.455668479000864	1.23654727856308	-0.842792800411912	0.444894060235355	-1.2545772999398	-0.414113664820434	1.19372516312341	-0.460921303018118	-1.57998905066674	0.418681831620356	0.609784528987161	-0.575237800070184	-1.07684851472136	-1.49476564533304	-1.74597652465551	-0.450948195038265	0.2216475908322	-1.91993360855064	0.188372478339256	-0.595464918264311	0.138231307859999	0.705444243874651	-1.33871207541482	0.717910760168506	0.248826670768647	-0.801235876498044	-1.92733223144907	0.508401309857187	-0.748036072147087	0.297303456211092	1.46420460986513
snp_071	-0.697732496386757	1.86540069289086	-0.494579536893381	0.800018233868182	0.107044265233528	-1.65684047567233	0.322873329353486	-1.66105754361583	-3.27186268489199	1.67652290879031	-0.34970194047522	-0.329772922091032	-1.12710440232236	-1.32006456285686	-1.06650903357465	-2.07011649411164	1.40872911176318	0.575671539706564	-0.0112919414861949	-2.47297541583293	-0.414897745069368	-2.23860377695807	0.668040932830708	-1.60052056386095	-0.833502152148284	1.15072925369568	-0.461965351454752	-1.14397620542182	-0.70167233220393	0.548817032568203	1.39515188856412	1.25033759019246
snp_072	0.796497102948843	-0.00958531463300186	-0.764342289096991	1.22483659402278	-0.455507791393787	-0.135387761210143	-0.248620627137806	-0.858464985644787	1.38085221442935	-0.659951698861209	-0.409384017722764	-0.788539147064145	-0.329187786598237	-1.15956651311135	-0.74031906114348	-0.561598890982092	-0.547090658967003	-1.80072097990332	-0.674290963139	-1.39325313111692	0.171144452963999	-1.00255752900058	0.685807795933168	1.20089170817603	-0.402282527794451	-0.0688021705198604	0.93468774061663	-1.31744511241531	-0.363654391858674	-0.0668757404900109	0.325563705623337	2.67564560612042
snp_073	-0.961874259813261	-1.37417915151709	-0.365634400529835	-0.215401629044666	-0.517694089327176	3.02959622494816	-0.635467433565512	0.781858160873124	-0.584608596292373	2.51759598817595	-1.08963778147867	1.16163369031693	-0.342887778264324	0.171299122014198	-0.290012207058177	-0.715060458064154	0.606687249556252	0.153652725082327	0.760407265619534	-1.29991419996136	-1.96754653364796	0.065636482706434	1.25443908675311	1.71045220474867	0.268301309755489	-0.13735237562791	0.83749912179722	-2.1642464140328	-1.27577985938248	-0.921040988738708	-0.131346962861805	0.256730587547588
snp_074	-2.16378450998308	-0.302450407861201	-0.803159634617873	-0.0709330803725278	0.282729435195665	-0.018051610372169	1.60147037776858	0.0288338783375972	1.30093263062533	-0.426446940163066	0.866442416684204	1.1871524705928	0.814673896796628	0.378523537592289	-0.381633406509791	-0.639993855010867	0.835382407164476	0.697439830189318	-0.62693575304429	-0.420298943641006	-0.192168493807272	-1.85615832636056	-0.295194551485637	-0.157895764496551	-0.121618299042436	0.095741440398363	-0.600272006446886	-0.9958493625321	0.66283133867902	-0.605143051315493	-0.25333324505444	-0.836516243526738
snp_075	-0.658926390985337	-0.529646509723077	0.249575987702571	0.999586256822797	0.0117249127749884	-1.08802574006348	-0.530441087010923	-0.4236328395017	0.31695735851789	-1.62298870971016	0.0972448511402616	-0.207480808179967	-1.70456408788982	-0.109319586320566	-1.77379352631883	-1.5246803979327	0.601990381701734	0.343694315084697	-0.986151929248195	-2.08365388096716	-0.19379675841388	-1.7002431923038	-0.58755622780329	-1.67188682811388	-0.01746321325958	-0.821667830806395	-0.695742587043543	1.3578199082646	-1.912725240603	0.430114377021475	1.26128351411032	0.403377068389426
snp_076	-1.33332690911869	-0.750225169740134	-0.120125335084599	0.450217740690009	1.42356241482611	0.542523312957593	0.61613341231559	0.482192667126555	1.2174275976633	-0.540581412361681	-0.305060186568427	0.109169126848192	0.919395421131638	-0.928384100800921	0.880402339582852	-0.448090574537502	0.451368809571693	-2.21426293663237	-0.0390484277545888	-1.11936034141201	0.457156094910908	0.748596172515291	-0.594782835307323	0.117100256873868	1.33750881089518	0.309558146525467	-0.605804036448516	-0.581153103907497	-0.483777963408154	-0.609671890457773	-1.83161326168219	1.1562316663848
snp_077	-0.643396439154354	-0.499234332643041	-0.972172296312444	1.19113187901257	1.12385225018608	-0.412601526580237	0.171587840042188	0.495485902005652	1.52049299413875	-0.206315779600205	0.911665828069648	-0.616175079152156	0.541863830390403	0.400228299378192	-0.288996072818359	-0.71672718242178	-1.31888180764856	-1.26114082413196	-1.5142476459839	0.318912064304815	-0.248113443734979	-0.647065553991929	0.732427568180767	-0.821328647627313	0.487685331682689	1.16734377355732	0.0963010561562561	-0.68949731330148	-0.575908868106051	-2.04807304891032	0.179827086216508	0.539936806182823
snp_078	-0.609407881768743	-0.2489677513541	-0.768586897190947	-0.731989452737633	0.899251893687536	-1.71045508314276	-1.1810724901566	-0.0980168202229679	1.47594876527862	0.234537223259212	0.351698101440537	-1.45587603613316	0.746778290437976	-1.81244133414205	-0.794350841835806	-2.2469730462544	1.23073977130701	-0.801792819781782	-1.01367077642232	-2.26398285601092	0.00230215306768078	-1.33404699124254	-1.02254719467585	-1.40543986492735	-1.39383759832505	-0.333349431530189	-1.27980973421368	0.973643714211994	-1.7662128496934	0.975040622086122	1.20520754536253	1.71996370570852
snp_079	-0.0403401892551509	-0.742541068169131	-0.737387492787679	0.525427449496787	0.361807244150528	1.50910783829622	1.56253773573741	0.454310611941151	0.259856287284115	0.110298498183651	0.475769880947347	-0.525006515111683	0.171380964968293	0.142719198552886	1.11432774959887	0.195572178097834	-0.950787041411625	0.508608222688564	-1.35006309235053	-1.39896212514779	0.0117121127276865	-0.601447499532182	1.43833198384607	-0.7900885682084	0.312358544155484	-0.528423412014751	-0.889178874924293	-0.0626806929513631	-0.765324672247012	-1.93000376519959	-0.162553265742644	-0.803260281268352
snp_080	-0.330557190028181	1.27330520504345	0.539859448662453	-0.0985047743079671	-1.15948268715689	-0.792297102314312	0.452081332432235	-0.399406501605627	0.677399924178668	-1.01320359849592	-0.280305284642635	-0.946255191390612	-1.31081060674201	-0.80162255591972	-1.09863189230937	-1.27351686622823	0.315835565921132	-1.02394742377574	-1.90052314958863	-0.0406675198622828	-1.57014291303855	-0.884834039687794	0.129591042003754	1.02631366622117	-1.69550907941535	-1.26265607690899	-0.378199724350295	0.559604200955634	-2.20920685335757	0.0214466568740625	0.260145124672481	3.05227912361626
snp_081	-0.419908831630449	0.835588161910967	0.419667410958051	0.15483733811753	-1.56676453222603	-0.920021111313175	1.0385883398006	-1.15772995975269	0.788366677867889	-1.29140551450433	-0.570708384408384	-0.767320674980329	-1.56648801831095	-1.50131766573529	-1.3183844075553	-2.14444785424716	0.541430686395157	0.161963171815529	-1.10452508658995	-0.190604371955185	-1.10082136255629	-1.76180875047391	-0.942736828778101	-0.656873940345711	-1.18837430196142	0.383469484001889	0.0506576375194971	-1.18220396246323	0.549210168491271	-0.0383405767624549	0.463496062346114	0.919299958621913
snp_082	-0.863968281764011	-0.980647242625469	0.746178489474768	-1.29154646320281	0.23446944842027	-0.432784024215689	-0.956348631899258	0.727996099387787	-1.23341048805364	-0.292210940062259	-0.40630194021748	-0.0703042962097466	-1.97917368789264	-0.294467328890021	-1.50195498391724	-2.70999066941642	-0.352272395440255	0.296815611269007	-1.37797179010525	-0.883440792554129	0.498234963906432	-1.06288459194627	0.560759876997221	-1.37255760072647	-0.183604831587426	-1.47306209297586	-0.524286892651101	-1.93905809292434	0.869131545285329	-0.154211244158746	-0.0582675077530886	2.8928254082739
snp_083	0.435085152791105	-1.78605660941399	-1.95255379114187	0.249861109490355	0.841679358859985	-0.160039912176949	0.0430812300211428	-0.156849231393567	0.299612280444687	0.735790673007342	-1.22418563897817	1.27269142725261	0.717362537310106	1.96662072223897	0.0178566139726769	-0.599854489013068	1.98293111726756	-0.676463508010155	-1.33055249451527	0.425552622025727	-0.540581559741663	0.298373533400091	-0.521658674835543	-0.117707357848721	0.496432219587624	-0.541065631060946	0.773700967002424	-0.368068615138066	-0.31768253462695	0.452588194879343	-2.04183640259711	0.164054615587289
snp_084	-2.03599247306033	0.333973553140511	-0.570637742136425	1.01596249012921	-0.0591966997898304	0.431778813400537	1.03393834989433	0.896165395253707	0.541198479975579	1.25001164067066	0.165642200269281	1.27003853974666	-0.938162076499634	0.180731319254196	-0.087359430067737	-1.03109066224955	-0.958783210676355	1.1696468892059	0.443078948342638	-0.76678826218053	-0.450755190858668	-0.120011137791737	-0.318185730366293	-0.547769189757015	0.0907778945802098	-1.10516375534584	-1.72793074760443	0.126803117064007	0.219109163881523	0.516478605504804	-0.129499239485183	-0.700931707273015
snp_085	-1.67160629425955	-0.0718733614951585	-0.267042260388253	-0.114765996685714	0.109638513565283	0.587002770066327	0.56256968668343	-0.656417608879479	1.00628261582859	-0.194363633575011	0.395849350220526	-0.262993846753712	0.748047337138115	-0.784628386904004	1.02248409772935	0.327309264089902	-0.319368360430565	-1.03540099391437	0.722754359388925	-1.01039148016775	0.342321583628986	-0.365688070491193	0.853427802017223	0.173788272941838	0.281582964401173	0.378256699983747	-1.27791370439767	0.374370381854772	-0.40692127427599	-0.870856899403785	-0.955451521739928	-0.384302957237303
snp_086	-1.3960032302351	0.523022831538162	1.19349274442933	-1.0142043368644	0.0419133696976835	-0.612060421630937	-0.897204974396638	-0.463588920568827	-0.311010270452733	-0.27244444984705	0.319594634967603	-1.19177984743774	-0.275459664145414	-1.27454614792662	-1.62648692343609	-1.142447818875	0.56145846737681	0.706058979677177	-2.18664529806987	-0.46207317665139	-0.549795664548547	-0.798603865452118	-1.26269091422961	0.556282125929996	-1.57649908568891	-0.771921595096408	-0.56115618539025	-1.02439973686036	0.880619723096203	0.359946198361723	0.963605417703298	1.31431307015836
snp_087	-0.592636197643571	-1.26476297125723	1.08912609188466	-0.996160721489164	1.04631990668483	0.506661541366891	1.36708897313337	0.200956545159876	0.190493332421262	0.945441626806124	-0.075929277799179	0.898171411981893	-0.09339424276706	1.22926960292954	-2.10069370339291	0.456984512709207	-0.173434942351632	-0.792104021899888	-0.508883751421276	0.608983169531069	-1.15839660580548	2.51764994484989	-1.09818977141875	0.187883881782613	-0.255657352911096	0.301668944511446	0.387350166674944	0.00618323660242032	-1.20921479904652	-1.92599769814531	-1.9741324985181	0.681744862752578
snp_088	-1.59331194728212	-0.816924440459938	0.207184882846939	-0.297182122669658	1.064490846973	0.244370613268505	-0.0513766962783492	-0.0871290018946773	1.06816826672724	-0.297716273988706	1.29095923819844	-0.993877115330765	0.366724562985048	0.390123900500348	-0.3811832150651	0.0402460728675051	-0.725760301522628	0.00622264273981232	-0.10448241109432	-0.587932142825167	-0.646629654464549	1.32044253940346	0.856873017194336	0.226493513912974	1.51391655143914	-0.925383184447209	0.99408033773148	-1.45322292116412	0.352856352911224	-1.22062235951577	-0.845570028390037	-0.46806397508148
snp_089	-0.0890101482711766	-0.322899783212873	0.977707958858912	-0.799435909627395	-1.10418532037426	0.669925147219503	-0.765999293146959	0.0551072145152982	-1.19664300794826	-0.296893891819497	0.171922422261708	0.0770600750159534	-1.00308107605128	-1.89643115704272	-1.77329744121004	-1.84056277192734	0.784370712539107	-0.749936861715775	-1.04345637063878	0.434200052239334	-1.5520235226681	-1.3994232703564	-0.123921480049933	-1.70119473769236	-0.0760722288653835	0.0795921068216543	0.139392991515714	0.395257548047482	-0.83885103157652	-0.254247561970791	0.295668077460841	3.42555839192963
snp_090	-0.723879384606529	-1.39775131326385	0.153592063933419	0.620955253844609	-0.103694285035487	0.24087237250926	-1.7762947232623	2.31226308165656	-0.264380762929152	0.276391133714409	-0.99193439808803	-0.847392885834728	-0.683488119039573	-0.311122587425595	-0.774023224764702	-1.44618618721815	0.954978860559849	-0.904158170668334	-0.712308890266729	-0.807607726704053	-0.536712166655843	0.09595137622159	-0.374210223712271	-0.579318426920233	1.54201186585034	-1.16917563409589	-0.577950078060334	0.383895263086272	-0.14728532097303	0.214710385952708	1.0601858932054	2.14864966222014
snp_091	-0.80245686363993	-1.53825888591713	0.731007809819567	0.616368804655553	0.9274794540968	0.028101865778455	0.593380118801103	0.820340443687251	0.364994539711478	0.0420729093962832	0.0511393444706715	1.75639759478752	-0.320544815715272	0.770152089637847	0.254814599055556	-0.373579977326978	-0.575620932655515	0.251987861944661	-0.600679500730229	-0.792512158564324	-0.091154990761611	-0.754860428174014	-1.06035532540732	0.778294109380368	1.01607885100929	-1.30379859061738	-0.661287811542553	-0.140436394363228	-1.19600727720025	-1.50152634439787	-0.215737493851742	-1.27028931072709
snp_092	-1.76332204298517	0.00595377428466151	1.3761240346177	0.483885816598586	-1.31036815883259	0.222148748647283	-0.81227681905599	0.389227390069493	-0.149714256999154	-1.06294602117934	-1.53684647249754	-1.5420067339131	-0.894009194811544	-1.22883718676129	-0.820251685900636	-2.71270978820098	0.755571738325221	-0.455641164124986	-0.858815739727903	-0.391052438077233	-1.57642029058266	-2.02456019968547	-1.97302232661579	1.47327128801363	-0.268962257545716	-1.45070399224059	0.121717899202294	1.43303105582843	-0.452988567407744	-0.584730563010607	0.44613803133132	2.16623367624779
snp_093	-0.0776716012246038	-1.4914755577995	-0.19687310894498	-0.179567443557343	-0.775186753100865	0.408647727895193	-1.44388961980613	-1.20252915248872	0.64911903867321	-1.19344451063118	-1.13754075844475	0.283427276853276	-1.05488643449231	-0.942207997427433	-0.453625687803454	-1.81626546607035	-0.097502695151128	-1.49640984248773	-2.0416514522772	-0.172372077814497	-1.32969496759529	-0.697416466638772	-2.09055845502115	0.426064784123437	-1.28224669743855	0.62944181172367	-1.7144697646196	-0.0340768652098823	-0.898075712290428	-0.611618496550819	-0.997642460095371	3.13121906608182
snp_094	-1.88649773168391	-0.997170028737723	-1.05951744450516	1.62838395562075	0.220170530368301	1.73102612916257	0.932852002436072	1.06261023930496	0.00410189612440176	1.05737878023477	-0.282411363495485	0.622529612294229	0.641042433958024	1.25122593728716	-1.08537273525125	-0.0317244784301487	-0.567796986449137	0.0738037522293904	-1.35793314750217	-0.27744476197835	1.20042108623858	-0.0575873671034393	-1.75588420653097	0.793504147672154	-1.707166642667	-0.180420751371253	0.885828843926096	0.464406110956681	-0.123035341292589	0.801099433840953	-1.40115188554753	0.354946574812212
snp_095	-0.784127579864094	-0.271253600008775	-0.0346000645026624	1.16944671296327	0.556930432426769	0.686759952358909	0.370418149450853	0.203610016344668	0.968339540297785	0.219667842308624	-0.918957443263841	0.545674059254981	-1.27421712897539	-0.18095041856158	1.16890579457567	-1.20409261641066	0.254712164271065	-0.801922819675405	-1.20079385367862	-0.42826361147631	-0.35736614342863	-1.41098569401164	1.25074100377779	0.912862455550247	0.162046669056718	1.13791500709855	0.281794454501269	-0.0971510909037795	-0.121856093610558	-0.634064474489956	-0.925134351776104	-1.39537632105199
snp_096	-1.22437868419558	-0.199576331602521	0.251259838504281	0.160384370983663	0.265263323965821	-0.234316212862951	-0.836434627892602	-0.280652122064252	-0.186512458527593	-0.583315700320416	-0.4577381854753	-1.7021684871325	0.921474427709168	-0.951219145643395	-1.71721574404384	-2.33779321295833	-1.20933568711921	-0.891552540076189	-0.48177620103116	-1.25247742000727	-1.14853399032488	0.405853242202706	-1.97855246351151	-0.56210712877207	-0.718488329049226	0.167349443777225	-0.731916298578812	-0.142531079071693	-0.620674645814821	-0.102812008294378	0.893175564329016	2.85740713451529
snp_097	-0.967279582343182	0.277115937909608	-1.03879141398225	1.0921510048252	0.231454428606755	0.919190775287176	0.928548772384176	-0.0604009437797982	-0.692763558335626	0.414521689281575	-1.58938108700162	2.27002625014936	0.0665921460499449	-1.1479961598405	0.0207908506564557	-0.233095327185424	0.543587540388917	-1.06202328060591	-2.02809880105895	-0.223076706396104	-1.50094965804391	0.529072180059552	0.072127293097413	1.47728972522223	0.243592105928744	1.53034488289957	-0.617548153682261	-0.267164660212868	-0.596031420721493	0.545633036032548	-1.26764266412585	0.766962570577372
snp_098	-0.538212970722407	-1.51345228399638	0.363841409737804	-1.15844137875739	2.24593910189107	-2.36406188403183	2.12297550538209	-2.13088104612902	-0.514786790660102	-1.18796966992841	-1.22951335779364	-1.80969158788623	-1.29358990993835	-0.897109563699617	-1.65955911348808	-2.52895352846316	-0.0422675788247275	0.474733925214861	-1.00251097087547	-1.14157566289889	-2.16635323040688	-0.843942860295067	0.0755258500910464	-0.774775514967692	-1.29031387663269	-1.14320389768933	-0.194906284118435	-0.224234990607582	-1.7447411817805	0.951223788095222	2.00259318288571	1.3191284653963
snp_099	-1.52264515756239	-0.799383706007356	-0.245815970999197	-1.83435227992178	0.189200442639375	-0.890497434490342	0.91033752599798	0.399850633657078	1.43481271326125	1.02915768869866	-1.13470745013591	1.73305444325287	0.385458953131478	0.792503262527178	0.164735228561588	0.327462177707675	-0.610750757993614	0.162796236262524	-0.346050837908524	-0.253236507569911	-2.29095321566159	0.519576422830272	0.0271963677082885	-0.949940525779718	-1.23379234837126	-1.10261929170554	0.711316691339358	0.559912382117811	-0.512929201025906	-0.0415193720554023	0.98458305163988	-0.200938601246415
snp_100	0.163239043040348	-1.7316163755384	0.464275987456619	0.366962982586438	0.0774891968972191	-0.0978294264504785	-0.338479679232897	-0.190855619320901	0.148629815968962	-0.796549061973487	-0.598587025039281	0.32950141171336	-1.04025213425671	-1.1088197056211	-1.71901959289653	-2.81182048067426	0.701590761142234	-0.70059860848888	-1.24980651737851	-0.100837574143322	0.755872814594696	-1.1201249200882	-0.941008597304853	-0.488081722228236	-0.281449431468972	-0.156542638640067	-0.857492444789495	-0.935965791987973	0.492287345255011	0.141502990670281	0.0914453125628215	2.29319347168642
